Name,NOC,Discipline,Event
Belgium,Belgium,3x3 Basketball,Men
China,People's Republic of China,3x3 Basketball,Men
China,People's Republic of China,3x3 Basketball,Women
France,France,3x3 Basketball,Women
Italy,Italy,3x3 Basketball,Women
Japan,Japan,3x3 Basketball,Men
Japan,Japan,3x3 Basketball,Women
Latvia,Latvia,3x3 Basketball,Men
Mongolia,Mongolia,3x3 Basketball,Women
Netherlands,Netherlands,3x3 Basketball,Men
Poland,Poland,3x3 Basketball,Men
ROC,ROC,3x3 Basketball,Men
ROC,ROC,3x3 Basketball,Women
Romania,Romania,3x3 Basketball,Women
Serbia,Serbia,3x3 Basketball,Men
United States,United States of America,3x3 Basketball,Women
Australia,Australia,Archery,Men's Team
Australia,Australia,Archery,Mixed Team
Bangladesh,Bangladesh,Archery,Mixed Team
Belarus,Belarus,Archery,Women's Team
Brazil,Brazil,Archery,Mixed Team
Canada,Canada,Archery,Mixed Team
China,People's Republic of China,Archery,Men's Team
China,People's Republic of China,Archery,Mixed Team
China,People's Republic of China,Archery,Women's Team
Chinese Taipei,Chinese Taipei,Archery,Men's Team
Chinese Taipei,Chinese Taipei,Archery,Mixed Team
Chinese Taipei,Chinese Taipei,Archery,Women's Team
Colombia,Colombia,Archery,Mixed Team
Egypt,Egypt,Archery,Mixed Team
France,France,Archery,Men's Team
France,France,Archery,Mixed Team
Germany,Germany,Archery,Mixed Team
Germany,Germany,Archery,Women's Team
Great Britain,Great Britain,Archery,Men's Team
Great Britain,Great Britain,Archery,Mixed Team
Great Britain,Great Britain,Archery,Women's Team
India,India,Archery,Men's Team
India,India,Archery,Mixed Team
Indonesia,Indonesia,Archery,Men's Team
Indonesia,Indonesia,Archery,Mixed Team
Italy,Italy,Archery,Mixed Team
Italy,Italy,Archery,Women's Team
Japan,Japan,Archery,Men's Team
Japan,Japan,Archery,Mixed Team
Japan,Japan,Archery,Women's Team
Kazakhstan,Kazakhstan,Archery,Men's Team
Malaysia,Malaysia,Archery,Mixed Team
Mexico,Mexico,Archery,Mixed Team
Mexico,Mexico,Archery,Women's Team
Mongolia,Mongolia,Archery,Mixed Team
Netherlands,Netherlands,Archery,Men's Team
Netherlands,Netherlands,Archery,Mixed Team
Poland,Poland,Archery,Mixed Team
Rep. of Moldova,Republic of Moldova,Archery,Mixed Team
Republic of Korea,Republic of Korea,Archery,Men's Team
Republic of Korea,Republic of Korea,Archery,Mixed Team
Republic of Korea,Republic of Korea,Archery,Women's Team
ROC,ROC,Archery,Mixed Team
ROC,ROC,Archery,Women's Team
Spain,Spain,Archery,Mixed Team
Tunisia,Tunisia,Archery,Mixed Team
Turkey,Turkey,Archery,Mixed Team
Ukraine,Ukraine,Archery,Mixed Team
Ukraine,Ukraine,Archery,Women's Team
United States,United States of America,Archery,Men's Team
United States,United States of America,Archery,Mixed Team
United States,United States of America,Archery,Women's Team
Vietnam,Vietnam,Archery,Mixed Team
Belgium,Belgium,Artistic Gymnastics,Women's Team
Brazil,Brazil,Artistic Gymnastics,Men's Team
Canada,Canada,Artistic Gymnastics,Women's Team
China,People's Republic of China,Artistic Gymnastics,Men's Team
China,People's Republic of China,Artistic Gymnastics,Women's Team
Chinese Taipei,Chinese Taipei,Artistic Gymnastics,Men's Team
France,France,Artistic Gymnastics,Women's Team
Germany,Germany,Artistic Gymnastics,Men's Team
Germany,Germany,Artistic Gymnastics,Women's Team
Great Britain,Great Britain,Artistic Gymnastics,Men's Team
Great Britain,Great Britain,Artistic Gymnastics,Women's Team
Italy,Italy,Artistic Gymnastics,Women's Team
Japan,Japan,Artistic Gymnastics,Men's Team
Japan,Japan,Artistic Gymnastics,Women's Team
Netherlands,Netherlands,Artistic Gymnastics,Women's Team
Korea,Republic of Korea,Artistic Gymnastics,Men's Team
ROC,ROC,Artistic Gymnastics,Men's Team
ROC,ROC,Artistic Gymnastics,Women's Team
Spain,Spain,Artistic Gymnastics,Men's Team
Spain,Spain,Artistic Gymnastics,Women's Team
Switzerland,Switzerland,Artistic Gymnastics,Men's Team
Ukraine,Ukraine,Artistic Gymnastics,Men's Team
United States,United States of America,Artistic Gymnastics,Men's Team
United States,United States of America,Artistic Gymnastics,Women's Team
Australia,Australia,Artistic Swimming,Duet
Australia,Australia,Artistic Swimming,Team
Austria,Austria,Artistic Swimming,Duet
Belarus,Belarus,Artistic Swimming,Duet
Canada,Canada,Artistic Swimming,Duet
Canada,Canada,Artistic Swimming,Team
China,People's Republic of China,Artistic Swimming,Duet
China,People's Republic of China,Artistic Swimming,Team
Colombia,Colombia,Artistic Swimming,Duet
Egypt,Egypt,Artistic Swimming,Duet
Egypt,Egypt,Artistic Swimming,Team
France,France,Artistic Swimming,Duet
Great Britain,Great Britain,Artistic Swimming,Duet
Greece,Greece,Artistic Swimming,Duet
Greece,Greece,Artistic Swimming,Team
Israel,Israel,Artistic Swimming,Duet
Italy,Italy,Artistic Swimming,Duet
Italy,Italy,Artistic Swimming,Team
Japan,Japan,Artistic Swimming,Duet
Japan,Japan,Artistic Swimming,Team
Kazakhstan,Kazakhstan,Artistic Swimming,Duet
Liechtenstein,Liechtenstein,Artistic Swimming,Duet
Mexico,Mexico,Artistic Swimming,Duet
Netherlands,Netherlands,Artistic Swimming,Duet
ROC,ROC,Artistic Swimming,Duet
ROC,ROC,Artistic Swimming,Team
South Africa,South Africa,Artistic Swimming,Duet
Spain,Spain,Artistic Swimming,Duet
Spain,Spain,Artistic Swimming,Team
Ukraine,Ukraine,Artistic Swimming,Duet
Ukraine,Ukraine,Artistic Swimming,Team
United States,United States of America,Artistic Swimming,Duet
Australia,Australia,Athletics,Women's 4 x 400m Relay
Bahamas,Bahamas,Athletics,Women's 4 x 400m Relay
Belarus,Belarus,Athletics,Women's 4 x 400m Relay
Belgium,Belgium,Athletics,4 x 400m Relay Mixed
Belgium,Belgium,Athletics,Men's 4 x 400m Relay
Belgium,Belgium,Athletics,Women's 4 x 400m Relay
Botswana,Botswana,Athletics,Men's 4 x 400m Relay
Brazil,Brazil,Athletics,4 x 400m Relay Mixed
Brazil,Brazil,Athletics,Men's 4 x 100m Relay
Brazil,Brazil,Athletics,Women's 4 x 100m Relay
Canada,Canada,Athletics,Men's 4 x 100m Relay
Canada,Canada,Athletics,Women's 4 x 400m Relay
People's Republic of China,People's Republic of China,Athletics,Men's 4 x 100m Relay
People's Republic of China,People's Republic of China,Athletics,Women's 4 x 100m Relay
Colombia,Colombia,Athletics,Men's 4 x 400m Relay
Cuba,Cuba,Athletics,Women's 4 x 400m Relay
Czech Republic,Czech Republic,Athletics,Men's 4 x 400m Relay
Denmark,Denmark,Athletics,Men's 4 x 100m Relay
Denmark,Denmark,Athletics,Women's 4 x 100m Relay
Dominican Republic,Dominican Republic,Athletics,4 x 400m Relay Mixed
Ecuador,Ecuador,Athletics,Women's 4 x 100m Relay
France,France,Athletics,Men's 4 x 100m Relay
France,France,Athletics,Men's 4 x 400m Relay
France,France,Athletics,Women's 4 x 100m Relay
France,France,Athletics,Women's 4 x 400m Relay
Germany,Germany,Athletics,4 x 400m Relay Mixed
Germany,Germany,Athletics,Men's 4 x 100m Relay
Germany,Germany,Athletics,Men's 4 x 400m Relay
Germany,Germany,Athletics,Women's 4 x 100m Relay
Germany,Germany,Athletics,Women's 4 x 400m Relay
Ghana,Ghana,Athletics,Men's 4 x 100m Relay
Great Britain,Great Britain,Athletics,4 x 400m Relay Mixed
Great Britain,Great Britain,Athletics,Men's 4 x 100m Relay
Great Britain,Great Britain,Athletics,Men's 4 x 400m Relay
Great Britain,Great Britain,Athletics,Women's 4 x 100m Relay
Great Britain,Great Britain,Athletics,Women's 4 x 400m Relay
India,India,Athletics,4 x 400m Relay Mixed
India,India,Athletics,Men's 4 x 400m Relay
Ireland,Ireland,Athletics,4 x 400m Relay Mixed
Italy,Italy,Athletics,4 x 400m Relay Mixed
Italy,Italy,Athletics,Men's 4 x 100m Relay
Italy,Italy,Athletics,Men's 4 x 400m Relay
Italy,Italy,Athletics,Women's 4 x 100m Relay
Italy,Italy,Athletics,Women's 4 x 400m Relay
Jamaica,Jamaica,Athletics,4 x 400m Relay Mixed
Jamaica,Jamaica,Athletics,Men's 4 x 100m Relay
Jamaica,Jamaica,Athletics,Men's 4 x 400m Relay
Jamaica,Jamaica,Athletics,Women's 4 x 100m Relay
Jamaica,Jamaica,Athletics,Women's 4 x 400m Relay
Japan,Japan,Athletics,Men's 4 x 100m Relay
Japan,Japan,Athletics,Men's 4 x 400m Relay
Japan,Japan,Athletics,Women's 4 x 100m Relay
Netherlands,Netherlands,Athletics,4 x 400m Relay Mixed
Netherlands,Netherlands,Athletics,Men's 4 x 100m Relay
Netherlands,Netherlands,Athletics,Men's 4 x 400m Relay
Netherlands,Netherlands,Athletics,Women's 4 x 100m Relay
Netherlands,Netherlands,Athletics,Women's 4 x 400m Relay
Nigeria,Nigeria,Athletics,4 x 400m Relay Mixed
Nigeria,Nigeria,Athletics,Women's 4 x 100m Relay
Poland,Poland,Athletics,4 x 400m Relay Mixed
Poland,Poland,Athletics,Men's 4 x 400m Relay
Poland,Poland,Athletics,Women's 4 x 100m Relay
Poland,Poland,Athletics,Women's 4 x 400m Relay
South Africa,South Africa,Athletics,Men's 4 x 100m Relay
South Africa,South Africa,Athletics,Men's 4 x 400m Relay
Spain,Spain,Athletics,4 x 400m Relay Mixed
Switzerland,Switzerland,Athletics,Women's 4 x 100m Relay
Switzerland,Switzerland,Athletics,Women's 4 x 400m Relay
Trinidad and Tobago,Trinidad and Tobago,Athletics,Men's 4 x 100m Relay
Trinidad and Tobago,Trinidad and Tobago,Athletics,Men's 4 x 400m Relay
Trinidad and Tobago,Trinidad and Tobago,Athletics,Women's 4 x 100m Relay
Turkey,Turkey,Athletics,Men's 4 x 100m Relay
Ukraine,Ukraine,Athletics,4 x 400m Relay Mixed
Ukraine,Ukraine,Athletics,Women's 4 x 400m Relay
United States of America,United States of America,Athletics,4 x 400m Relay Mixed
United States of America,United States of America,Athletics,Men's 4 x 100m Relay
United States of America,United States of America,Athletics,Men's 4 x 400m Relay
United States of America,United States of America,Athletics,Women's 4 x 100m Relay
United States of America,United States of America,Athletics,Women's 4 x 400m Relay
Australia,Australia,Baseball/Softball,Softball
Canada,Canada,Baseball/Softball,Softball
Dominican Rep.,Dominican Republic,Baseball/Softball,Baseball
Israel,Israel,Baseball/Softball,Baseball
Italy,Italy,Baseball/Softball,Softball
Japan,Japan,Baseball/Softball,Baseball
Japan,Japan,Baseball/Softball,Softball
Mexico,Mexico,Baseball/Softball,Baseball
Mexico,Mexico,Baseball/Softball,Softball
Republic of Korea,Republic of Korea,Baseball/Softball,Baseball
United States,United States of America,Baseball/Softball,Baseball
United States,United States of America,Baseball/Softball,Softball
Argentina,Argentina,Basketball,Men
Australia,Australia,Basketball,Men
Australia,Australia,Basketball,Women
Belgium,Belgium,Basketball,Women
Canada,Canada,Basketball,Women
China,People's Republic of China,Basketball,Women
Czech Republic,Czech Republic,Basketball,Men
France,France,Basketball,Men
France,France,Basketball,Women
Germany,Germany,Basketball,Men
Islamic Rep. of Iran,Islamic Republic of Iran,Basketball,Men
Italy,Italy,Basketball,Men
Japan,Japan,Basketball,Men
Japan,Japan,Basketball,Women
Nigeria,Nigeria,Basketball,Men
Nigeria,Nigeria,Basketball,Women
Puerto Rico,Puerto Rico,Basketball,Women
Republic of Korea,Republic of Korea,Basketball,Women
Serbia,Serbia,Basketball,Women
Slovenia,Slovenia,Basketball,Men
Spain,Spain,Basketball,Men
Spain,Spain,Basketball,Women
United States,United States of America,Basketball,Men
United States,United States of America,Basketball,Women
Azaad/Capogrosso,Argentina,Beach Volleyball,Men
Gallay/Pereyra,Argentina,Beach Volleyball,Women
McHugh/Schumann,Australia,Beach Volleyball,Men
Artacho Del Solar/Clancy,Australia,Beach Volleyball,Women
Alison/Alvaro Filho,Brazil,Beach Volleyball,Men
Evandro/Bruno Schmidt,Brazil,Beach Volleyball,Men
Ana Patricia/Rebecca,Brazil,Beach Volleyball,Women
Agatha/Duda,Brazil,Beach Volleyball,Women
Bansley/Brandie,Canada,Beach Volleyball,Women
Pavan/Melissa,Canada,Beach Volleyball,Women
Grimalt M./Grimalt E.,Chile,Beach Volleyball,Men
Wang/X.Y.Xia,People's Republic of China,Beach Volleyball,Women
Xue/Wang X.X.,People's Republic of China,Beach Volleyball,Women
Lidy/Leila,Cuba,Beach Volleyball,Women
Perusic/Schweiner,Czech Republic,Beach Volleyball,Men
Hermannova/Slukova,Czech Republic,Beach Volleyball,Women
Thole J./Wickler,Germany,Beach Volleyball,Men
Ludwig/Kozuch,Germany,Beach Volleyball,Women
Sude/Borger,Germany,Beach Volleyball,Women
Nicolai/Lupo,Italy,Beach Volleyball,Men
Carambula/Rossi,Italy,Beach Volleyball,Men
Menegatti/Orsi Toth,Italy,Beach Volleyball,Women
Gottsu/Shiratori,Japan,Beach Volleyball,Men
Ishii/Murakami,Japan,Beach Volleyball,Women
Makokha/Khadambi,Kenya,Beach Volleyball,Women
Plavins/Tocs,Latvia,Beach Volleyball,Men
Graudina/Kravcenoka,Latvia,Beach Volleyball,Women
Gaxiola/Rubio,Mexico,Beach Volleyball,Men
Abicha/Elgraoui,Morocco,Beach Volleyball,Men
Brouwer/Meeuwsen,Netherlands,Beach Volleyball,Men
Keizer/Meppelink,Netherlands,Beach Volleyball,Women
Stam/Schoon,Netherlands,Beach Volleyball,Women
Mol A./Sorum C.,Norway,Beach Volleyball,Men
Bryl/Fijalek,Poland,Beach Volleyball,Men
Kantor/Losiak,Poland,Beach Volleyball,Men
Cherif/Ahmed,Qatar,Beach Volleyball,Men
Krasilnikov/Stoyanovskiy,ROC,Beach Volleyball,Men
Leshukov/Semenov,ROC,Beach Volleyball,Men
Makroguzova/Kholomina,ROC,Beach Volleyball,Women
Herrera/Gavira,Spain,Beach Volleyball,Men
Liliana/Elsa,Spain,Beach Volleyball,Women
Heidrich/Gerson,Switzerland,Beach Volleyball,Men
Huberli/Betschart,Switzerland,Beach Volleyball,Women
"Verge-Depre, A./Heidrich",Switzerland,Beach Volleyball,Women
Gibb/Bourne,United States of America,Beach Volleyball,Men
Lucena/Dalhausser,United States of America,Beach Volleyball,Men
April/Alix,United States of America,Beach Volleyball,Women
Claes/Sponcil,United States of America,Beach Volleyball,Women
Australia,Australia,Cycling Track,Men's Madison
Australia,Australia,Cycling Track,Men's Team Pursuit
Australia,Australia,Cycling Track,Men's Team Sprint
Australia,Australia,Cycling Track,Women's Madison
Australia,Australia,Cycling Track,Women's Team Pursuit
Austria,Austria,Cycling Track,Men's Madison
Belgium,Belgium,Cycling Track,Men's Madison
Belgium,Belgium,Cycling Track,Women's Madison
Canada,Canada,Cycling Track,Men's Madison
Canada,Canada,Cycling Track,Men's Team Pursuit
Canada,Canada,Cycling Track,Women's Madison
Canada,Canada,Cycling Track,Women's Team Pursuit
China,People's Republic of China,Cycling Track,Women's Team Sprint
Denmark,Denmark,Cycling Track,Men's Madison
Denmark,Denmark,Cycling Track,Men's Team Pursuit
Denmark,Denmark,Cycling Track,Women's Madison
France,France,Cycling Track,Men's Madison
France,France,Cycling Track,Men's Team Sprint
France,France,Cycling Track,Women's Madison
France,France,Cycling Track,Women's Team Pursuit
Germany,Germany,Cycling Track,Men's Madison
Germany,Germany,Cycling Track,Men's Team Pursuit
Germany,Germany,Cycling Track,Men's Team Sprint
Germany,Germany,Cycling Track,Women's Madison
Germany,Germany,Cycling Track,Women's Team Pursuit
Germany,Germany,Cycling Track,Women's Team Sprint
Great Britain,Great Britain,Cycling Track,Men's Madison
Great Britain,Great Britain,Cycling Track,Men's Team Pursuit
Great Britain,Great Britain,Cycling Track,Men's Team Sprint
Great Britain,Great Britain,Cycling Track,Women's Madison
Great Britain,Great Britain,Cycling Track,Women's Team Pursuit
"Hong Kong, China","Hong Kong, China",Cycling Track,Women's Madison
Ireland,Ireland,Cycling Track,Men's Madison
Ireland,Ireland,Cycling Track,Women's Madison
Italy,Italy,Cycling Track,Men's Madison
Italy,Italy,Cycling Track,Men's Team Pursuit
Italy,Italy,Cycling Track,Women's Madison
Italy,Italy,Cycling Track,Women's Team Pursuit
Japan,Japan,Cycling Track,Women's Madison
Lithuania,Lithuania,Cycling Track,Women's Team Sprint
Mexico,Mexico,Cycling Track,Women's Team Sprint
Netherlands,Netherlands,Cycling Track,Men's Madison
Netherlands,Netherlands,Cycling Track,Men's Team Sprint
Netherlands,Netherlands,Cycling Track,Women's Madison
Netherlands,Netherlands,Cycling Track,Women's Team Sprint
New Zealand,New Zealand,Cycling Track,Men's Madison
New Zealand,New Zealand,Cycling Track,Men's Team Pursuit
New Zealand,New Zealand,Cycling Track,Men's Team Sprint
New Zealand,New Zealand,Cycling Track,Women's Madison
New Zealand,New Zealand,Cycling Track,Women's Team Pursuit
Poland,Poland,Cycling Track,Men's Madison
Poland,Poland,Cycling Track,Men's Team Sprint
Poland,Poland,Cycling Track,Women's Madison
Poland,Poland,Cycling Track,Women's Team Sprint
ROC,ROC,Cycling Track,Men's Team Sprint
ROC,ROC,Cycling Track,Women's Madison
ROC,ROC,Cycling Track,Women's Team Sprint
Spain,Spain,Cycling Track,Men's Madison
Switzerland,Switzerland,Cycling Track,Men's Madison
Switzerland,Switzerland,Cycling Track,Men's Team Pursuit
Ukraine,Ukraine,Cycling Track,Women's Team Sprint
United States,United States of America,Cycling Track,Men's Madison
United States,United States of America,Cycling Track,Women's Madison
United States,United States of America,Cycling Track,Women's Team Pursuit
Canada,Canada,Fencing,Men's Foil Team
Canada,Canada,Fencing,Women's Foil Team
China,People's Republic of China,Fencing,Men's Épée Team
China,People's Republic of China,Fencing,Women's Épée Team
China,People's Republic of China,Fencing,Women's Sabre Team
Egypt,Egypt,Fencing,Men's Foil Team
Egypt,Egypt,Fencing,Men's Sabre Team
Egypt,Egypt,Fencing,Women's Foil Team
Estonia,Estonia,Fencing,Women's Épée Team
France,France,Fencing,Men's Épée Team
France,France,Fencing,Men's Foil Team
France,France,Fencing,Women's Foil Team
France,France,Fencing,Women's Sabre Team
Germany,Germany,Fencing,Men's Foil Team
Germany,Germany,Fencing,Men's Sabre Team
"Hong Kong, China","Hong Kong, China",Fencing,Men's Foil Team
"Hong Kong, China","Hong Kong, China",Fencing,Women's Épée Team
Hungary,Hungary,Fencing,Men's Sabre Team
Hungary,Hungary,Fencing,Women's Foil Team
Hungary,Hungary,Fencing,Women's Sabre Team
Islamic Rep. of Iran,Islamic Republic of Iran,Fencing,Men's Sabre Team
Italy,Italy,Fencing,Men's Épée Team
Italy,Italy,Fencing,Men's Foil Team
Italy,Italy,Fencing,Men's Sabre Team
Italy,Italy,Fencing,Women's Épée Team
Italy,Italy,Fencing,Women's Foil Team
Italy,Italy,Fencing,Women's Sabre Team
Japan,Japan,Fencing,Men's Épée Team
Japan,Japan,Fencing,Men's Foil Team
Japan,Japan,Fencing,Men's Sabre Team
Japan,Japan,Fencing,Women's Foil Team
Japan,Japan,Fencing,Women's Sabre Team
Poland,Poland,Fencing,Women's Épée Team
Republic of Korea,Republic of Korea,Fencing,Men's Épée Team
Republic of Korea,Republic of Korea,Fencing,Men's Sabre Team
Republic of Korea,Republic of Korea,Fencing,Women's Épée Team
Republic of Korea,Republic of Korea,Fencing,Women's Sabre Team
ROC,ROC,Fencing,Men's Épée Team
ROC,ROC,Fencing,Men's Foil Team
ROC,ROC,Fencing,Men's Sabre Team
ROC,ROC,Fencing,Women's Épée Team
ROC,ROC,Fencing,Women's Foil Team
ROC,ROC,Fencing,Women's Sabre Team
Switzerland,Switzerland,Fencing,Men's Épée Team
Tunisia,Tunisia,Fencing,Women's Sabre Team
Ukraine,Ukraine,Fencing,Men's Épée Team
United States,United States of America,Fencing,Men's Épée Team
United States,United States of America,Fencing,Men's Foil Team
United States,United States of America,Fencing,Men's Sabre Team
United States,United States of America,Fencing,Women's Épée Team
United States,United States of America,Fencing,Women's Foil Team
United States,United States of America,Fencing,Women's Sabre Team
Argentina,Argentina,Football,Men
Australia,Australia,Football,Men
Australia,Australia,Football,Women
Brazil,Brazil,Football,Men
Brazil,Brazil,Football,Women
Canada,Canada,Football,Women
Chile,Chile,Football,Women
China,People's Republic of China,Football,Women
Côte d’Ivoire,Côte d'Ivoire,Football,Men
Egypt,Egypt,Football,Men
France,France,Football,Men
Germany,Germany,Football,Men
Great Britain,Great Britain,Football,Women
Honduras,Honduras,Football,Men
Japan,Japan,Football,Men
Japan,Japan,Football,Women
Mexico,Mexico,Football,Men
Netherlands,Netherlands,Football,Women
New Zealand,New Zealand,Football,Men
New Zealand,New Zealand,Football,Women
Republic of Korea,Republic of Korea,Football,Men
Romania,Romania,Football,Men
Saudi Arabia,Saudi Arabia,Football,Men
South Africa,South Africa,Football,Men
Spain,Spain,Football,Men
Sweden,Sweden,Football,Women
United States,United States of America,Football,Women
Zambia,Zambia,Football,Women
Angola,Angola,Handball,Women
Argentina,Argentina,Handball,Men
Bahrain,Bahrain,Handball,Men
Brazil,Brazil,Handball,Men
Brazil,Brazil,Handball,Women
Denmark,Denmark,Handball,Men
Egypt,Egypt,Handball,Men
France,France,Handball,Men
France,France,Handball,Women
Germany,Germany,Handball,Men
Hungary,Hungary,Handball,Women
Japan,Japan,Handball,Men
Japan,Japan,Handball,Women
Montenegro,Montenegro,Handball,Women
Netherlands,Netherlands,Handball,Women
Norway,Norway,Handball,Men
Norway,Norway,Handball,Women
Portugal,Portugal,Handball,Men
Republic of Korea,Republic of Korea,Handball,Women
ROC,ROC,Handball,Women
Spain,Spain,Handball,Men
Spain,Spain,Handball,Women
Sweden,Sweden,Handball,Men
Sweden,Sweden,Handball,Women
Argentina,Argentina,Hockey,Men
Argentina,Argentina,Hockey,Women
Australia,Australia,Hockey,Men
Australia,Australia,Hockey,Women
Belgium,Belgium,Hockey,Men
Canada,Canada,Hockey,Men
China,People's Republic of China,Hockey,Women
Germany,Germany,Hockey,Men
Germany,Germany,Hockey,Women
Great Britain,Great Britain,Hockey,Men
Great Britain,Great Britain,Hockey,Women
India,India,Hockey,Men
India,India,Hockey,Women
Ireland,Ireland,Hockey,Women
Japan,Japan,Hockey,Men
Japan,Japan,Hockey,Women
Netherlands,Netherlands,Hockey,Men
Netherlands,Netherlands,Hockey,Women
New Zealand,New Zealand,Hockey,Men
New Zealand,New Zealand,Hockey,Women
South Africa,South Africa,Hockey,Men
South Africa,South Africa,Hockey,Women
Spain,Spain,Hockey,Men
Spain,Spain,Hockey,Women
Australia,Australia,Rhythmic Gymnastics,Group All-Around
Azerbaijan,Azerbaijan,Rhythmic Gymnastics,Group All-Around
Belarus,Belarus,Rhythmic Gymnastics,Group All-Around
Brazil,Brazil,Rhythmic Gymnastics,Group All-Around
Bulgaria,Bulgaria,Rhythmic Gymnastics,Group All-Around
People's Republic of China,People's Republic of China,Rhythmic Gymnastics,Group All-Around
Egypt,Egypt,Rhythmic Gymnastics,Group All-Around
Israel,Israel,Rhythmic Gymnastics,Group All-Around
Italy,Italy,Rhythmic Gymnastics,Group All-Around
Japan,Japan,Rhythmic Gymnastics,Group All-Around
ROC,ROC,Rhythmic Gymnastics,Group All-Around
Ukraine,Ukraine,Rhythmic Gymnastics,Group All-Around
United States of America,United States of America,Rhythmic Gymnastics,Group All-Around
Uzbekistan,Uzbekistan,Rhythmic Gymnastics,Group All-Around
Argentina,Argentina,Rugby Sevens,Men
Australia,Australia,Rugby Sevens,Men
Australia,Australia,Rugby Sevens,Women
Brazil,Brazil,Rugby Sevens,Women
Canada,Canada,Rugby Sevens,Men
Canada,Canada,Rugby Sevens,Women
China,People's Republic of China,Rugby Sevens,Women
Fiji,Fiji,Rugby Sevens,Men
Fiji,Fiji,Rugby Sevens,Women
France,France,Rugby Sevens,Women
Great Britain,Great Britain,Rugby Sevens,Men
Great Britain,Great Britain,Rugby Sevens,Women
Ireland,Ireland,Rugby Sevens,Men
Japan,Japan,Rugby Sevens,Men
Japan,Japan,Rugby Sevens,Women
Kenya,Kenya,Rugby Sevens,Men
Kenya,Kenya,Rugby Sevens,Women
New Zealand,New Zealand,Rugby Sevens,Men
New Zealand,New Zealand,Rugby Sevens,Women
Republic of Korea,Republic of Korea,Rugby Sevens,Men
ROC,ROC,Rugby Sevens,Women
South Africa,South Africa,Rugby Sevens,Men
United States,United States of America,Rugby Sevens,Men
United States,United States of America,Rugby Sevens,Women
Australia,Australia,Swimming,Men's 4 x 100m Freestyle Relay
Australia,Australia,Swimming,Men's 4 x 100m Medley Relay
Australia,Australia,Swimming,Men's 4 x 200m Freestyle Relay
Australia,Australia,Swimming,Mixed 4 x 100m Medley Relay
Australia,Australia,Swimming,Women's 4 x 100m Freestyle Relay
Australia,Australia,Swimming,Women's 4 x 100m Medley Relay
Australia,Australia,Swimming,Women's 4 x 200m Freestyle Relay
Belarus,Belarus,Swimming,Men's 4 x 100m Medley Relay
Belarus,Belarus,Swimming,Mixed 4 x 100m Medley Relay
Belarus,Belarus,Swimming,Women's 4 x 100m Medley Relay
Brazil,Brazil,Swimming,Men's 4 x 100m Freestyle Relay
Brazil,Brazil,Swimming,Men's 4 x 100m Medley Relay
Brazil,Brazil,Swimming,Men's 4 x 200m Freestyle Relay
Brazil,Brazil,Swimming,Mixed 4 x 100m Medley Relay
Brazil,Brazil,Swimming,Women's 4 x 100m Freestyle Relay
Brazil,Brazil,Swimming,Women's 4 x 200m Freestyle Relay
Canada,Canada,Swimming,Men's 4 x 100m Freestyle Relay
Canada,Canada,Swimming,Men's 4 x 100m Medley Relay
Canada,Canada,Swimming,Mixed 4 x 100m Medley Relay
Canada,Canada,Swimming,Women's 4 x 100m Freestyle Relay
Canada,Canada,Swimming,Women's 4 x 100m Medley Relay
Canada,Canada,Swimming,Women's 4 x 200m Freestyle Relay
China,People's Republic of China,Swimming,Men's 4 x 100m Medley Relay
China,People's Republic of China,Swimming,Men's 4 x 200m Freestyle Relay
China,People's Republic of China,Swimming,Mixed 4 x 100m Medley Relay
China,People's Republic of China,Swimming,Women's 4 x 100m Freestyle Relay
China,People's Republic of China,Swimming,Women's 4 x 100m Medley Relay
China,People's Republic of China,Swimming,Women's 4 x 200m Freestyle Relay
Czech Republic,Czech Republic,Swimming,Women's 4 x 100m Freestyle Relay
Denmark,Denmark,Swimming,Women's 4 x 100m Freestyle Relay
Denmark,Denmark,Swimming,Women's 4 x 100m Medley Relay
France,France,Swimming,Men's 4 x 100m Freestyle Relay
France,France,Swimming,Men's 4 x 100m Medley Relay
France,France,Swimming,Men's 4 x 200m Freestyle Relay
France,France,Swimming,Women's 4 x 100m Freestyle Relay
France,France,Swimming,Women's 4 x 200m Freestyle Relay
Germany,Germany,Swimming,Men's 4 x 100m Freestyle Relay
Germany,Germany,Swimming,Men's 4 x 100m Medley Relay
Germany,Germany,Swimming,Men's 4 x 200m Freestyle Relay
Germany,Germany,Swimming,Mixed 4 x 100m Medley Relay
Germany,Germany,Swimming,Women's 4 x 100m Freestyle Relay
Germany,Germany,Swimming,Women's 4 x 100m Medley Relay
Germany,Germany,Swimming,Women's 4 x 200m Freestyle Relay
Great Britain,Great Britain,Swimming,Men's 4 x 100m Freestyle Relay
Great Britain,Great Britain,Swimming,Men's 4 x 100m Medley Relay
Great Britain,Great Britain,Swimming,Men's 4 x 200m Freestyle Relay
Great Britain,Great Britain,Swimming,Mixed 4 x 100m Medley Relay
Great Britain,Great Britain,Swimming,Women's 4 x 100m Freestyle Relay
Great Britain,Great Britain,Swimming,Women's 4 x 100m Medley Relay
Greece,Greece,Swimming,Men's 4 x 100m Freestyle Relay
Greece,Greece,Swimming,Men's 4 x 100m Medley Relay
Greece,Greece,Swimming,Mixed 4 x 100m Medley Relay
"Hong Kong, China","Hong Kong, China",Swimming,Women's 4 x 100m Freestyle Relay
"Hong Kong, China","Hong Kong, China",Swimming,Women's 4 x 100m Medley Relay
"Hong Kong, China","Hong Kong, China",Swimming,Women's 4 x 200m Freestyle Relay
Hungary,Hungary,Swimming,Men's 4 x 100m Freestyle Relay
Hungary,Hungary,Swimming,Men's 4 x 100m Medley Relay
Hungary,Hungary,Swimming,Men's 4 x 200m Freestyle Relay
Hungary,Hungary,Swimming,Mixed 4 x 100m Medley Relay
Hungary,Hungary,Swimming,Women's 4 x 200m Freestyle Relay
Ireland,Ireland,Swimming,Men's 4 x 200m Freestyle Relay
Israel,Israel,Swimming,Men's 4 x 200m Freestyle Relay
Israel,Israel,Swimming,Mixed 4 x 100m Medley Relay
Italy,Italy,Swimming,Men's 4 x 100m Freestyle Relay
Italy,Italy,Swimming,Men's 4 x 100m Medley Relay
Italy,Italy,Swimming,Men's 4 x 200m Freestyle Relay
Italy,Italy,Swimming,Mixed 4 x 100m Medley Relay
Italy,Italy,Swimming,Women's 4 x 100m Medley Relay
Italy,Italy,Swimming,Women's 4 x 200m Freestyle Relay
Japan,Japan,Swimming,Men's 4 x 100m Freestyle Relay
Japan,Japan,Swimming,Men's 4 x 100m Medley Relay
Japan,Japan,Swimming,Men's 4 x 200m Freestyle Relay
Japan,Japan,Swimming,Mixed 4 x 100m Medley Relay
Japan,Japan,Swimming,Women's 4 x 100m Freestyle Relay
Japan,Japan,Swimming,Women's 4 x 100m Medley Relay
Japan,Japan,Swimming,Women's 4 x 200m Freestyle Relay
Lithuania,Lithuania,Swimming,Men's 4 x 100m Medley Relay
Netherlands,Netherlands,Swimming,Men's 4 x 100m Freestyle Relay
Netherlands,Netherlands,Swimming,Mixed 4 x 100m Medley Relay
Netherlands,Netherlands,Swimming,Women's 4 x 100m Freestyle Relay
Netherlands,Netherlands,Swimming,Women's 4 x 100m Medley Relay
New Zealand,New Zealand,Swimming,Women's 4 x 200m Freestyle Relay
Poland,Poland,Swimming,Men's 4 x 100m Freestyle Relay
Poland,Poland,Swimming,Men's 4 x 100m Medley Relay
Poland,Poland,Swimming,Men's 4 x 200m Freestyle Relay
Poland,Poland,Swimming,Mixed 4 x 100m Medley Relay
Poland,Poland,Swimming,Women's 4 x 100m Freestyle Relay
Poland,Poland,Swimming,Women's 4 x 200m Freestyle Relay
Republic of Korea,Republic of Korea,Swimming,Men's 4 x 200m Freestyle Relay
Republic of Korea,Republic of Korea,Swimming,Women's 4 x 200m Freestyle Relay
ROC,ROC,Swimming,Men's 4 x 100m Freestyle Relay
ROC,ROC,Swimming,Men's 4 x 100m Medley Relay
ROC,ROC,Swimming,Men's 4 x 200m Freestyle Relay
ROC,ROC,Swimming,Mixed 4 x 100m Medley Relay
ROC,ROC,Swimming,Women's 4 x 100m Freestyle Relay
ROC,ROC,Swimming,Women's 4 x 100m Medley Relay
ROC,ROC,Swimming,Women's 4 x 200m Freestyle Relay
Serbia,Serbia,Swimming,Men's 4 x 100m Freestyle Relay
South Africa,South Africa,Swimming,Women's 4 x 100m Medley Relay
South Africa,South Africa,Swimming,Women's 4 x 200m Freestyle Relay
Spain,Spain,Swimming,Women's 4 x 100m Medley Relay
Sweden,Sweden,Swimming,Women's 4 x 100m Freestyle Relay
Sweden,Sweden,Swimming,Women's 4 x 100m Medley Relay
Switzerland,Switzerland,Swimming,Men's 4 x 100m Freestyle Relay
Switzerland,Switzerland,Swimming,Men's 4 x 200m Freestyle Relay
Turkey,Turkey,Swimming,Women's 4 x 200m Freestyle Relay
United States,United States of America,Swimming,Men's 4 x 100m Freestyle Relay
United States,United States of America,Swimming,Men's 4 x 100m Medley Relay
United States,United States of America,Swimming,Men's 4 x 200m Freestyle Relay
United States,United States of America,Swimming,Mixed 4 x 100m Medley Relay
United States,United States of America,Swimming,Women's 4 x 100m Freestyle Relay
United States,United States of America,Swimming,Women's 4 x 100m Medley Relay
United States,United States of America,Swimming,Women's 4 x 200m Freestyle Relay
Australia,Australia,Table Tennis,Men's Team
HU Heming / TAPPER Melissa,Australia,Table Tennis,Mixed Doubles
Australia,Australia,Table Tennis,Women's Team
FEGERL Stefan / POLCANOVA Sofia,Austria,Table Tennis,Mixed Doubles
Austria,Austria,Table Tennis,Women's Team
Brazil,Brazil,Table Tennis,Men's Team
Brazil,Brazil,Table Tennis,Women's Team
WANG Eugene / ZHANG Mo,Canada,Table Tennis,Mixed Doubles
China,People's Republic of China,Table Tennis,Men's Team
XU Xin / LIU Shiwen,People's Republic of China,Table Tennis,Mixed Doubles
China,People's Republic of China,Table Tennis,Women's Team
Chinese Taipei,Chinese Taipei,Table Tennis,Men's Team
LIN Yun Ju / CHENG I Ching,Chinese Taipei,Table Tennis,Mixed Doubles
Chinese Taipei,Chinese Taipei,Table Tennis,Women's Team
Croatia,Croatia,Table Tennis,Men's Team
CAMPOS Jorge / FONSECA Daniela,Cuba,Table Tennis,Mixed Doubles
Egypt,Egypt,Table Tennis,Men's Team
ASSAR Omar / MESHREF Dina,Egypt,Table Tennis,Mixed Doubles
Egypt,Egypt,Table Tennis,Women's Team
France,France,Table Tennis,Men's Team
LEBESSON Emmanuel / YUAN Jia Nan,France,Table Tennis,Mixed Doubles
France,France,Table Tennis,Women's Team
Germany,Germany,Table Tennis,Men's Team
FRANZISKA Patrick / SOLJA Petrissa,Germany,Table Tennis,Mixed Doubles
Germany,Germany,Table Tennis,Women's Team
"Hong Kong, China","Hong Kong, China",Table Tennis,Men's Team
WONG Chun Ting / DOO Hoi Kem,"Hong Kong, China",Table Tennis,Mixed Doubles
"Hong Kong, China","Hong Kong, China",Table Tennis,Women's Team
SZUDI Adam / PERGEL Szandra,Hungary,Table Tennis,Mixed Doubles
Hungary,Hungary,Table Tennis,Women's Team
ACHANTA Kamal / BATRA Manika,India,Table Tennis,Mixed Doubles
Japan,Japan,Table Tennis,Men's Team
MIZUTANI Jun / ITO Mima,Japan,Table Tennis,Mixed Doubles
Japan,Japan,Table Tennis,Women's Team
Poland,Poland,Table Tennis,Women's Team
Portugal,Portugal,Table Tennis,Men's Team
Republic of Korea,Republic of Korea,Table Tennis,Men's Team
LEE Sangsu / JEON Jihee,Republic of Korea,Table Tennis,Mixed Doubles
Republic of Korea,Republic of Korea,Table Tennis,Women's Team
IONESCU Ovidiu / SZOCS Bernadette,Romania,Table Tennis,Mixed Doubles
Romania,Romania,Table Tennis,Women's Team
Serbia,Serbia,Table Tennis,Men's Team
Singapore,Singapore,Table Tennis,Women's Team
PISTEJ Lubomir / BALAZOVA Barbora,Slovakia,Table Tennis,Mixed Doubles
Slovenia,Slovenia,Table Tennis,Men's Team
Sweden,Sweden,Table Tennis,Men's Team
United States,United States of America,Table Tennis,Men's Team
United States,United States of America,Table Tennis,Women's Team
Australia,Australia,Triathlon,Mixed Relay
Austria,Austria,Triathlon,Mixed Relay
Belgium,Belgium,Triathlon,Mixed Relay
Canada,Canada,Triathlon,Mixed Relay
France,France,Triathlon,Mixed Relay
Germany,Germany,Triathlon,Mixed Relay
Great Britain,Great Britain,Triathlon,Mixed Relay
Hungary,Hungary,Triathlon,Mixed Relay
Italy,Italy,Triathlon,Mixed Relay
Japan,Japan,Triathlon,Mixed Relay
Mexico,Mexico,Triathlon,Mixed Relay
Netherlands,Netherlands,Triathlon,Mixed Relay
New Zealand,New Zealand,Triathlon,Mixed Relay
ROC,ROC,Triathlon,Mixed Relay
Spain,Spain,Triathlon,Mixed Relay
Switzerland,Switzerland,Triathlon,Mixed Relay
United States,United States of America,Triathlon,Mixed Relay
Argentina,Argentina,Volleyball,Men
Argentina,Argentina,Volleyball,Women
Brazil,Brazil,Volleyball,Men
Brazil,Brazil,Volleyball,Women
Canada,Canada,Volleyball,Men
China,People's Republic of China,Volleyball,Women
Dominican Rep.,Dominican Republic,Volleyball,Women
France,France,Volleyball,Men
Islamic Rep. of Iran,Islamic Republic of Iran,Volleyball,Men
Italy,Italy,Volleyball,Men
Italy,Italy,Volleyball,Women
Japan,Japan,Volleyball,Men
Japan,Japan,Volleyball,Women
Kenya,Kenya,Volleyball,Women
Poland,Poland,Volleyball,Men
Republic of Korea,Republic of Korea,Volleyball,Women
ROC,ROC,Volleyball,Men
ROC,ROC,Volleyball,Women
Serbia,Serbia,Volleyball,Women
Tunisia,Tunisia,Volleyball,Men
Turkey,Turkey,Volleyball,Women
United States,United States of America,Volleyball,Men
United States,United States of America,Volleyball,Women
Venezuela,Venezuela,Volleyball,Men
Australia,Australia,Water Polo,Men
Australia,Australia,Water Polo,Women
Canada,Canada,Water Polo,Women
China,People's Republic of China,Water Polo,Women
Croatia,Croatia,Water Polo,Men
Greece,Greece,Water Polo,Men
Hungary,Hungary,Water Polo,Men
Hungary,Hungary,Water Polo,Women
Italy,Italy,Water Polo,Men
Japan,Japan,Water Polo,Men
Japan,Japan,Water Polo,Women
Kazakhstan,Kazakhstan,Water Polo,Men
Montenegro,Montenegro,Water Polo,Men
Netherlands,Netherlands,Water Polo,Women
ROC,ROC,Water Polo,Women
Serbia,Serbia,Water Polo,Men
South Africa,South Africa,Water Polo,Men
South Africa,South Africa,Water Polo,Women
Spain,Spain,Water Polo,Men
Spain,Spain,Water Polo,Women
United States,United States of America,Water Polo,Men
United States,United States of America,Water Polo,Women
